<?xml version="1.0" encoding="UTF-8" ?>
<!DOCTYPE struts PUBLIC
        "-//Apache Software Foundation//DTD Struts Configuration 2.0//EN"
        "http://struts.apache.org/dtds/struts-2.0.dtd">


<struts>
	<!-- ************************************************ -->
	<!-- * Fichier de configuration du Framework STRUTS * -->
	<!-- ************************************************ -->

	<!-- Permet d'activer le mode de developpement. Celui-ci donne des informations 
		supplémentaires. -->
	<constant name="struts.devMode" value="true" />

	<package name="com.iut.as" namespace="/"
		extends="struts-default">

		<action name="go" class="com.iut.as.controller.LoginController">
			<result name="success">JSP/go.jsp</result>
		</action>
		
		<action name="listeComptes" class="com.iut.as.controller.LoginController" method ="listeComptes">
			<result name="success">/JSP/LoginController.jsp</result>
		</action>
		

		<action name="retourAccueil"
			class="com.iut.as.controller.LoginController">
			<result name="success">JSP/retourAccueil.jsp</result>
		</action>

		<!-- Pattern -->
		<!-- Action générique ou dynamique -->
		<!-- 1er paramètre indique le chemin du package -->
		<!-- 2ème paramètre indique la classe elle-même -->
		<!-- 3ème paramètre indique la méthode à lancer -->
		<!-- Un succès redirige vers une page comportant le nom de la classe -->
		<!-- Un echec redirige vers une page comportant le nom de la classe prefixée 
			par '-error' -->
		<!-- Toutes les combinaisons sont donc possibles -->
		<action name="*.*.*" class="com.iut.as.{1}.{2}" method="{3}">
			<result name="SUCCESS">/JSP/{2}.jsp</result>
			<result name="SUCCESSMANAGER">/JSP/{2}-Manager.jsp</result>
			<result name="error">/JSP/{2}-error.jsp</result>
			<result name="LISTCLIENTS">/JSP/ListClients.jsp</result>
			<result>/JSP/{2}.jsp</result>
		</action>

	</package>
</struts>